1,TOYZONE Ben 10 Safari Rideon,Amazon,1599,,2+,6,,,IMG_20170212_113155.jpg,,,The jungle jeep with the ben 10 makes it a fun journey for the childhood and make them experience the real fun of safari with ben 10.,like new
2,sapphire hummer monster racing car,Amazon,799,,5+,3,,,IMG_20161023_230402.jpg,,,"Dominate any type of terrain with the all new Safire off road 1:20 hummer electric rtr monster car. Featuring a full function transmitter, this awesome hummer monster car allows you to control every single move it makes with ease. But don't think this remote controlled hummer is only good for off roading because this bad boy can haul on and off the road. The body is extremely durable while the huge front and rear bumpers make this arc extremely rugged. The Safire off road 1:20 monster hummer car comes with a rechargeable battery for the truck, a charger and a transmitter. This awesome arc car stands out whether it is night or day. A must have for fans of off roading, get the Safire off road 1:20 hummer monster car today and have a blast. Features: Electric powered full function transmitter telescoping antenna rubber tires detailed design sturdy construction ready to run 1:20 scale.",like new
3,Peek a boo animals,Hamleys,1200,,6 M +,4,,,IMG_20161023_230613.jpg,,,"Five different actions unlock hidden baby animals. Teaches babies basic finger movements like : buttob press, key turn etc.",like new
4,Fisher-Price Laugh and Learn Peek-a-Boo Cuckoo,gift,1259,,6m +,5,,,,,,Fisher-Price Laugh and Learn Peek-a-Boo Cuckoo,gently used
5,lego : fire ladder set,Amazon,1319,,10+,5,,,IMG_20161023_230144.jpg,,,"Hop in the fire ladder truck and race to the scene. Extend the ladder and put out the fire. Use the special stud shooting hose to battle the blaze and fight the flames on the ground with the fire extinguisher. Keep the oil barrel from exploding. It is up to you to protect the city. Includes 2 mini figures a female fire fighter and a male fire fighter. Features a fire ladder truck with extending ladder and hose, plus an oil barrel. Move the fire ladder truck into position, extend the ladder and get above the fire. Pull out the fire hose and shoot the water elements with the stud shooting function to put out the fire. Accessory elements include a fire extinguisher, shovel, circular saw, water studs and an axe.",like new
6,poker set : Casinoite 300 Pcs Diced Poker Chip Set With Denomination Toy,Amazon,2639,,15+,9,,,IMG_20161030_084048.jpg,,,300 pcs diced poker chip set with Denomination: These chips are good to go for card and table games such as 300pcs diced poker chip set etc.. These chips have been used for home and Professional gaming as well.,like new
7,baby gym,Gift,4000,,0 +,14,,,,,,,gently used
8,"Fisher Price Laugh and Learn Smart Stages Tablet, Gray",Amazon,897,,6 M +,3,,,IMG_20161030_083845.jpg,,,"This tablet includes Smart Stages technology, an exciting new way to change the learning content as baby grows. Because every baby develops at their own pace, Smart Stages technology gives you the ability to select the stage that’s best for your child. There are a variety of developmentally appropriate songs, phrases and sounds within three levels of play. Baby can press one of 28 “app” buttons to activate sounds and music—and unlock learning about letters, first words, animals and more. To add even more fun, the tablet screen will light up and twinkle along to the songs and phrases.",like new
9,fisher price push and pop walker,gift,0,0,10 M+,,,,IMG_20161227_232440.jpg,,http://www.amazon.in/Fisher-Price-Pop-and-Push-Elephant/dp/B00DZFALQ0,"Description

The Fisher Price Pop and Push Elephant is an irresistible ball popping fun for your little baby. The Pop and Push Elephant keeps your baby entertained while walking. As the baby pushes the toy, colourful balls pop up from the elephant’s trunk.

Encouraging your Baby to Walk

Fisher-Price Pop and Push Elephant encourages your baby to walk. As the baby pushes the friendly and cute face of the elephant along, colourful balls start popping out from the trunk of the elephant. The elephant is sturdy and is easy for your baby to push it forward. This activity helps in developing your baby's balance and coordination. The baby will also learn how to walk while enjoying lively music and vibrant colours.

Teaches the Child Cause and Effect

Fisher Price Pop and Push Elephant helps in a great way to teach your child cause and effect. The pop and whirl action of the bright colourful balls makes the toddlers understand the cause and effect phenomena.

Balance and Coordination

Fisher Price Pop and Push Elephant is an amazing toy that helps your child in developing balance and coordination. As the baby learns to walk with the help of Pop and Push Elephant, the baby is able to balance his or her body on their own and ensures lots of fun for the child.

Sensory

The pop n push elephant is one of the wonderful Fisher Price Products. It is not just a toy that your baby would love to play with but it helps in developing the senses of the child. The bright colours and the popping sound of the balls stimulate the developing senses of sight and sound in the child.

Key Features

A cute and friendly face of an elephant

Easy to push and durable

Encourages babies to walk and develops their sense of balance and coordination

Pop and Whirl action enables the babies to think about the cause and effect phenomena

Your little one is going to enjoy the lively music coming out of the popping balls

Bright colours make the toy quite attractive

",like new
10,Fisher-Price Fisher-Price Bright Beginnings Activity Walker,,1500,,10 M+,,,,,,,"Fisher-Price activity walker is an infant walker that steady's baby's first steps and provides classic busy activities. Activities include: flipping doors, sliding beads, turning gears, and spinning panels and a ball in the center that spins. The activity walker improves motor skills and inspires a sense of curiosity and discovery among children. The set which folds easily for portability and storage, steadies and supports baby's first steps. This fun activity walker increases walking confidence and helps baby develop balance and coordination skills as he/she pushes the sturdy walker along.",gently used
11,Melissa & Doug 446 World Map Floor Puzzle ,,2300,,,7.666666667,2.555555556,,,,,"Explore the continents of the world and some of their animal inhabitants. 2' x 3' when assembled, the 33 extra-thick pieces feature an easy-clean surface to keep them looking like new. It's fun to learn world geography while assembling this detailed map puzzle.",like new
12,"Melissa & Doug 729 Train Sound worden
 Puzzle",,600,,3 Y+,,,,IMG_20170212_105948.jpg,,,"Whoo, whoo. says the old-fashioned steam engine when all nine puzzle pieces are placed on top of the puzzle board's matching picture. Children will ""get on board"" with matching and listening skills while playing with this attractive wooden puzzle.",gently used
13,Melissa and Doug Alphabet Express Floor Puzzle,,300,,3 Y+,,,,IMG_20170212_120734.jpg,"IMG_20170212_115335.jpg        IMG_20170212_115343.jpg        IMG_20170212_120527.jpg        IMG_20170212_120551.jpg        IMG_20170212_120736.jpg
IMG_20170212_115340.jpg        IMG_20170212_120510.jpg        IMG_20170212_120548.jpg        IMG_20170212_120734.jpg        IMG_20170212_120738.jpg",,"Climb aboard the Alphabet Express with 26 zany animals for letter and puzzle fun. Over 10 feet long when complete, it features extra-thick pieces that stand up to play after play.",gently used
14,Ratna's match it Dress it,2nd hand : Pragati,100,,,,,,IMG_20170212_111043.jpg,,,"Puzzles are great toys for a child as it helps with development, and its bright colors and interesting shapes help entice kids to put one together. Research shows that puzzles are an important tool in developing a child's concentration. It opens doors for better understanding of skills and subjects later on in life. The final picture is shown on the box, which acts as a guide for your little one to match and put the pieces together.",gently used
15,tunnel,gift,0,,,,,,,,,,like new
16,learning journey : fun facts! animals of the past,2 hand : Pragati,,,3 Y+,".ō,,,,,,,,,,,,",147,,IMG_20170212_120856.jpg,,,"50 puzzle pieces
Bright and colorful, ""talk about"" illustrations
Fun facts on the back side of puzzle encourages discussion of pictured animals",like new
17,Tent : Intex,2nd hand: Pragati,400,,,,,,,,,,Like new
18,Tent : ELC,,,,,,,,,,,,
19,Fisher Price : activity table,,,,,,,,IMG_20170212_105000.jpg,,,"Learn & Groove with 15 activities and over 40 songs and melodies!
Activities provide opportunities for baby to explore with a roll, tap, slide or spin.
Includes a variety of music styles for baby to enjoy.
Comes with either blue or green legs to attach to table as baby grows. Introduces shapes, numbers and counting 1-10 in English and Spanish.
Please insert new batteries for the item to produce the right sound. The batteries included inside the item are temporary for the ""Try Me"" feature.",Like new
20,Melissa and Doug : water wow,,,,,,,,IMG_20170107_122658.jpg,,,"Includes 26 cards, refillable water pen, and card clip
Color-in pictures are white when dry; bright and cheerful when wet
Endlessly reusable!
Helps teach colors, shapes, and counting skills
For ages 3 years up",Like new
21,Melissa and Doug : farm animals wooden puzzle,,,,,,,,IMG_20170212_110253.jpg,IMG_20170212_110253.jpg,,wooden puzzle to create a farm scene,Like new
